要件ID,分類,大項目,要件,補足
G-01,目的,目的,表形式でまとめられた複数の仕様書・設計書（以下「文書」）を取り込み、文書間の項目を相互に追跡可能にする。,
G-02,目的,目的,上位文書と下位文書の間でトレースが取れていない項目を機械的に検出する。,
C-01,前提,機密性,文書は機密情報である。外部送信・クラウド利用・AI への読み込みは一切行わない。,
C-02,前提,動作形態,Python 製のローカル Web アプリとする。127.0.0.1 のみで待ち受け、ブラウザで操作する。,
C-03,前提,外部通信,実行時に外部と通信しない。,CDN を使わず、JS ライブラリはリポジトリに同梱する。
C-04,前提,利用者,個人利用（1 台の PC）とする。,同時編集・排他制御は不要。
C-05,前提,依存,開発時は pip install を使ってよい。利用者の PC には Python を不要とする。,フロントエンドはビルド不要（npm 不要）。Python は配布フォルダに同梱する。
C-06,前提,規模,"1 文書あたり 10,000 行程度までを扱う。",文書数は不定（数十程度を想定）。
C-07,前提,対象 OS,Windows 11 と Ubuntu（22.04 以降）で動作する。,
C-08,前提,配布,1 つのフォルダをコピーするだけで全機能を使えるようにする。,配布フォルダには実行に必要なものと利用者向けの操作マニュアルだけを入れ、設計書などの開発資料は入れない。OS ごとに配布フォルダを用意する。
T-01,用語,文書,仕様書・設計書 1 種類（例: 要件定義書、画面定義書）。,
T-02,用語,版,文書を取り込んだ 1 回分のスナップショット。,
T-03,用語,項目,文書内の 1 行。ID 列で一意に識別される。,
T-04,用語,カラム定義,文書の列構成と各列の型の定義。版ごとに保持する。,
T-05,用語,トレース関係,「文書 A が文書 B の上位」という文書ペア間の関係。,
T-06,用語,リンク,上位項目と下位項目を結ぶ 1 本の関連。,
F-01,機能,文書の定義,文書を任意の数だけ登録・名称変更・削除できる。,
F-02,機能,文書の定義,文書ごとにカラム定義を設定できる。列の型は ID・番号・文字列・enum・bool の 5 種類とする。,"ID: 主キー。文書内で 1 列のみ。値は文字列として扱う。
番号: 整数。
文字列: 任意の文字列。
enum: 定義された選択肢から選ぶ値。
bool: 真偽値。元の表記は文書ごとに異なる（○/×、Yes/No など）ため、列ごとに「真とみなす文字列」「偽とみなす文字列」を設定できる。既定値を用意し、空欄は「値なし」とする。"
F-03,機能,文書の定義,各列に「リスト形式」の指定と区切り文字を設定できる。,"例: ; , 改行。ID 型を除くすべての型で指定できる。"
F-04,機能,文書の定義,文字列列・リスト形式の列に「参照 ID 列」の指定を付けられる。参照先の文書を指定し、その値をリンクの生成元とする。,
F-05,機能,文書の定義,カラム定義は版ごとに保持する。新しい版の取り込み時は、前の版の定義を引き継いだうえで変更できる。,変更: 列の追加・削除・改名・型変更。
F-06,機能,文書の定義,列は内部キーで同一性を保つ。改名しても同じ列として差分を比較できる。,
F-07,機能,文書の定義,文字列の列を、その列で実際に使われている値だけを選択肢とする enum に変換できる。,取り込み中のファイルの値、または取り込み済みの最新版の値から選択肢を作る。
F-08,機能,文書の定義,列名を区切り文字で区切ったテキストを貼り付けて、列をまとめて追加できる。,区切り文字はタブ・カンマ・改行・任意の文字から選ぶ（自動判定も可）。Excel の見出しの行をコピーして貼り付けられる。
F-10,機能,取り込み,入力形式は CSV・TSV・Excel（.xlsx）とする。,
F-11,機能,取り込み,CSV・TSV の文字コードは自動判定し、手動でも指定できる。,自動判定の対象: UTF-8 / UTF-8 BOM / CP932。
F-12,機能,取り込み,ヘッダ行の位置（何行目か）を指定できる。データ行はヘッダ行の次から始まる。,
F-13,機能,取り込み,Excel ではシートを選択できる。複数シートを結合して 1 つの文書として取り込める。,列構成は同一である前提。
F-14,機能,取り込み,結合セルは、結合範囲内の各セルに左上の値を展開して扱う。,
F-15,機能,取り込み,列の対応付けは、ヘッダ名による自動対応を基本とする。一致しない列は取り込み画面で手動で対応付ける。,手動の対応付け: 新規列として追加、または無視する。
F-16,機能,取り込み,取り込み前にプレビューと検証結果を表示する。,"エラー（取り込み不可）: ID の空欄、ID の重複、ID 列が無い。
警告（取り込み可）: 定義外の enum 値、整数でない番号、真偽どちらにも該当しない bool 値、参照 ID 列の参照先が存在しない。
警告になった値は元の文字列のまま保存し、画面上で強調表示する。"
F-17,機能,取り込み,取り込むと新しい版として保存する。版にはラベル（任意文字列）・取り込み日時・元ファイル名を記録する。,
F-18,機能,取り込み,元ファイルそのものは保存しない。変換後のデータのみ保存する。,
F-19,機能,取り込み,CSV・TSV のテキストを画面に貼り付けて取り込める。,Excel で表の範囲をコピーして貼り付けた場合（タブ区切り）にも対応する。
F-20,機能,データ保存,データはローカル PC 上の 1 つのデータフォルダに保存する。,場所は起動時の設定で変更できる。
F-21,機能,データ保存,保存形式はツールが読み込みやすい形式とする（人間の可読性は不要）。,SQLite を想定する（詳細設計で決定）。
F-22,機能,データ保存,データフォルダをコピーするだけでバックアップできる。,
F-30,機能,バージョン管理・差分,文書ごとに版の一覧を表示できる。,
F-31,機能,バージョン管理・差分,任意の 2 つの版を選んで差分を表示できる。,"項目単位: 追加・削除・変更・変更なし。
変更された項目はセル単位で変更前後を表示する。
列の追加・削除・改名も表示する。"
F-32,機能,バージョン管理・差分,版を削除できる。,確認ダイアログを表示する。
F-33,機能,バージョン管理・差分,差分では、変更されたセルのうち実際に変わった部分（文字）を強調表示する。,
F-40,機能,トレース関係・リンク,文書ペアに「上位 → 下位」の関係を登録できる。,1 つの文書が複数の上位・下位を持てる（有向グラフ）。循環は禁止する。
F-41,機能,トレース関係・リンク,リンクは文書とは別に管理する。,上位項目と下位項目の多対多。
F-42,機能,トレース関係・リンク,自動リンク: 参照 ID 列の値からリンクを生成する。その文書の版を取り込むたびに作り直す。,
F-43,機能,トレース関係・リンク,手動リンク: ツール上でリンクを追加・削除できる。版の取り込みでは失われない。,自動リンクを手動で「無効化」することもできる（次の取り込み後も無効化を維持する）。
F-44,機能,トレース関係・リンク,リンクは項目の ID で結ぶ。新しい版でも同じ ID の項目があればリンクを引き継ぐ。,
F-45,機能,トレース関係・リンク,要確認（suspect）: リンクの相手の項目の内容が、リンクを最後に確認した時点から変わった場合、そのリンクを「要確認」にする。利用者が確認済みにすると解除される。,「内容が変わった」は全列（備考などを含む）の値から計算したハッシュで判定する。
F-46,機能,トレース関係・リンク,トレースの評価は、各文書の最新版を対象とする。,
F-47,機能,トレース関係・リンク,参照 ID 列の参照先との間にトレース関係が無い場合、カラム定義の画面からその場で関係を登録できる。,
F-50,機能,未トレース検出,文書ペアごとに、トレースが取れていない項目を検出・一覧表示する。,"上位の項目に下位へのリンクが 1 本も無い。
下位の項目に上位へのリンクが 1 本も無い。
リンク切れ（リンク先の ID が最新版に存在しない）。"
F-51,機能,未トレース検出,文書ペアごとの網羅率（リンクを持つ項目の割合）を表示する。,
F-52,機能,未トレース検出,要確認リンクは未トレースとは別に一覧表示する。,
F-60,機能,閲覧・遷移,文書一覧画面: 文書、最新版、トレース関係、網羅率を表示する。,
F-61,機能,閲覧・遷移,項目一覧画面: 文書の項目を表形式で表示する。,ページング、列ごとのソート・フィルタ、全文検索。
F-62,機能,閲覧・遷移,項目詳細: 項目の全列と、上位・下位のリンク先項目を表示する。リンク先をクリックすると、その項目へ遷移する。,
F-63,機能,閲覧・遷移,項目一覧にリンク数・未トレース状態の列を表示し、それで絞り込める。,
F-64,機能,閲覧・遷移,過去の版を選んで閲覧できる（読み取り専用）。,
F-65,機能,閲覧・遷移,「上位の項目 ｜ 今見ている項目 ｜ 下位の項目」を横に並べ、それぞれの全列を見られる。,上位・下位が複数ある場合は縦に並べ、列ごとにスクロールして見る。上位・下位の項目を選ぶと、その項目を中心に表示し直す。前後の項目へ順に移動できる。
F-70,機能,出力,トレースマトリクスを Excel / CSV で出力する。,文書ペアを指定し、上位 ID・下位 ID の対応を出力する。
F-71,機能,出力,未トレース一覧と網羅率を Excel / CSV で出力する。,
F-72,機能,出力,2 つの版の差分を Excel / CSV で出力する。,
N-01,非機能,性能,"10,000 行の取り込みが 30 秒以内に完了する。",
N-02,非機能,性能,項目一覧の表示・検索が 1 秒以内に応答する。,
N-03,非機能,セキュリティ,外部へのネットワーク通信を行わない。サーバは 127.0.0.1 にのみバインドする。,
N-04,非機能,信頼性,取り込み処理は失敗した場合にロールバックする。,中途半端な版を残さない。
N-05,非機能,使いやすさ,UI は日本語とする。,
N-06,非機能,使いやすさ,起動は実行ファイルの実行 1 回（Windows はダブルクリック）で行い、ブラウザを自動で開く。,
N-07,非機能,使いやすさ,取り消せる操作や結果を画面で確認できる操作では、確認ダイアログを出さない。,元に戻せない削除（文書・版・トレース関係）だけは確認する。結果は画面の通知で知らせる。
N-08,非機能,使いやすさ,ツールを新しい版に差し替えたとき、ブラウザに残った古い画面ファイルが使われない。,
X-01,対象外,対象外,複数人での共有・同時編集・権限管理。,
X-02,対象外,対象外,旧形式 Excel（.xls）。,
X-03,対象外,対象外,1 つの項目が複数行にまたがる表、多段の区切り文字で構造化されたセル。,
X-04,対象外,対象外,リンクの種別・コメント。,
X-05,対象外,対象外,要確認状態を未トレースとして数えること。,要確認は別一覧で扱う（F-52）。
X-06,対象外,対象外,過去の版の組み合わせを指定したトレース評価。,
